name,type,direction,description
dim_000,float,,Dimension 0 for the dotP embedding
dim_001,float,,Dimension 1 for the dotP embedding
dim_002,float,,Dimension 2 for the dotP embedding
dim_003,float,,Dimension 3 for the dotP embedding
dim_004,float,,Dimension 4 for the dotP embedding
dim_005,float,,Dimension 5 for the dotP embedding
dim_006,float,,Dimension 6 for the dotP embedding
dim_007,float,,Dimension 7 for the dotP embedding
dim_008,float,,Dimension 8 for the dotP embedding
dim_009,float,,Dimension 9 for the dotP embedding
dim_010,float,,Dimension 10 for the dotP embedding
dim_011,float,,Dimension 11 for the dotP embedding
dim_012,float,,Dimension 12 for the dotP embedding
dim_013,float,,Dimension 13 for the dotP embedding
dim_014,float,,Dimension 14 for the dotP embedding
dim_015,float,,Dimension 15 for the dotP embedding
dim_016,float,,Dimension 16 for the dotP embedding
dim_017,float,,Dimension 17 for the dotP embedding
dim_018,float,,Dimension 18 for the dotP embedding
dim_019,float,,Dimension 19 for the dotP embedding
dim_020,float,,Dimension 20 for the dotP embedding
dim_021,float,,Dimension 21 for the dotP embedding
dim_022,float,,Dimension 22 for the dotP embedding
dim_023,float,,Dimension 23 for the dotP embedding
dim_024,float,,Dimension 24 for the dotP embedding
dim_025,float,,Dimension 25 for the dotP embedding
dim_026,float,,Dimension 26 for the dotP embedding
dim_027,float,,Dimension 27 for the dotP embedding
dim_028,float,,Dimension 28 for the dotP embedding
dim_029,float,,Dimension 29 for the dotP embedding
dim_030,float,,Dimension 30 for the dotP embedding
dim_031,float,,Dimension 31 for the dotP embedding
dim_032,float,,Dimension 32 for the dotP embedding
dim_033,float,,Dimension 33 for the dotP embedding
dim_034,float,,Dimension 34 for the dotP embedding
dim_035,float,,Dimension 35 for the dotP embedding
dim_036,float,,Dimension 36 for the dotP embedding
dim_037,float,,Dimension 37 for the dotP embedding
dim_038,float,,Dimension 38 for the dotP embedding
dim_039,float,,Dimension 39 for the dotP embedding
dim_040,float,,Dimension 40 for the dotP embedding
dim_041,float,,Dimension 41 for the dotP embedding
dim_042,float,,Dimension 42 for the dotP embedding
dim_043,float,,Dimension 43 for the dotP embedding
dim_044,float,,Dimension 44 for the dotP embedding
dim_045,float,,Dimension 45 for the dotP embedding
dim_046,float,,Dimension 46 for the dotP embedding
dim_047,float,,Dimension 47 for the dotP embedding
dim_048,float,,Dimension 48 for the dotP embedding
dim_049,float,,Dimension 49 for the dotP embedding
dim_050,float,,Dimension 50 for the dotP embedding
dim_051,float,,Dimension 51 for the dotP embedding
dim_052,float,,Dimension 52 for the dotP embedding
dim_053,float,,Dimension 53 for the dotP embedding
dim_054,float,,Dimension 54 for the dotP embedding
dim_055,float,,Dimension 55 for the dotP embedding
dim_056,float,,Dimension 56 for the dotP embedding
dim_057,float,,Dimension 57 for the dotP embedding
dim_058,float,,Dimension 58 for the dotP embedding
dim_059,float,,Dimension 59 for the dotP embedding
dim_060,float,,Dimension 60 for the dotP embedding
dim_061,float,,Dimension 61 for the dotP embedding
dim_062,float,,Dimension 62 for the dotP embedding
dim_063,float,,Dimension 63 for the dotP embedding
dim_064,float,,Dimension 64 for the dotP embedding
dim_065,float,,Dimension 65 for the dotP embedding
dim_066,float,,Dimension 66 for the dotP embedding
dim_067,float,,Dimension 67 for the dotP embedding
dim_068,float,,Dimension 68 for the dotP embedding
dim_069,float,,Dimension 69 for the dotP embedding
dim_070,float,,Dimension 70 for the dotP embedding
dim_071,float,,Dimension 71 for the dotP embedding
dim_072,float,,Dimension 72 for the dotP embedding
dim_073,float,,Dimension 73 for the dotP embedding
dim_074,float,,Dimension 74 for the dotP embedding
dim_075,float,,Dimension 75 for the dotP embedding
dim_076,float,,Dimension 76 for the dotP embedding
dim_077,float,,Dimension 77 for the dotP embedding
dim_078,float,,Dimension 78 for the dotP embedding
dim_079,float,,Dimension 79 for the dotP embedding
dim_080,float,,Dimension 80 for the dotP embedding
dim_081,float,,Dimension 81 for the dotP embedding
dim_082,float,,Dimension 82 for the dotP embedding
dim_083,float,,Dimension 83 for the dotP embedding
dim_084,float,,Dimension 84 for the dotP embedding
dim_085,float,,Dimension 85 for the dotP embedding
dim_086,float,,Dimension 86 for the dotP embedding
dim_087,float,,Dimension 87 for the dotP embedding
dim_088,float,,Dimension 88 for the dotP embedding
dim_089,float,,Dimension 89 for the dotP embedding
dim_090,float,,Dimension 90 for the dotP embedding
dim_091,float,,Dimension 91 for the dotP embedding
dim_092,float,,Dimension 92 for the dotP embedding
dim_093,float,,Dimension 93 for the dotP embedding
dim_094,float,,Dimension 94 for the dotP embedding
dim_095,float,,Dimension 95 for the dotP embedding
dim_096,float,,Dimension 96 for the dotP embedding
dim_097,float,,Dimension 97 for the dotP embedding
dim_098,float,,Dimension 98 for the dotP embedding
dim_099,float,,Dimension 99 for the dotP embedding
dim_100,float,,Dimension 100 for the dotP embedding
dim_101,float,,Dimension 101 for the dotP embedding
dim_102,float,,Dimension 102 for the dotP embedding
dim_103,float,,Dimension 103 for the dotP embedding
dim_104,float,,Dimension 104 for the dotP embedding
dim_105,float,,Dimension 105 for the dotP embedding
dim_106,float,,Dimension 106 for the dotP embedding
dim_107,float,,Dimension 107 for the dotP embedding
dim_108,float,,Dimension 108 for the dotP embedding
dim_109,float,,Dimension 109 for the dotP embedding
dim_110,float,,Dimension 110 for the dotP embedding
dim_111,float,,Dimension 111 for the dotP embedding
dim_112,float,,Dimension 112 for the dotP embedding
dim_113,float,,Dimension 113 for the dotP embedding
dim_114,float,,Dimension 114 for the dotP embedding
dim_115,float,,Dimension 115 for the dotP embedding
dim_116,float,,Dimension 116 for the dotP embedding
dim_117,float,,Dimension 117 for the dotP embedding
dim_118,float,,Dimension 118 for the dotP embedding
dim_119,float,,Dimension 119 for the dotP embedding
dim_120,float,,Dimension 120 for the dotP embedding
dim_121,float,,Dimension 121 for the dotP embedding
dim_122,float,,Dimension 122 for the dotP embedding
dim_123,float,,Dimension 123 for the dotP embedding
dim_124,float,,Dimension 124 for the dotP embedding
dim_125,float,,Dimension 125 for the dotP embedding
dim_126,float,,Dimension 126 for the dotP embedding
dim_127,float,,Dimension 127 for the dotP embedding
dim_128,float,,Dimension 128 for the dotP embedding
dim_129,float,,Dimension 129 for the dotP embedding
dim_130,float,,Dimension 130 for the dotP embedding
dim_131,float,,Dimension 131 for the dotP embedding
dim_132,float,,Dimension 132 for the dotP embedding
dim_133,float,,Dimension 133 for the dotP embedding
dim_134,float,,Dimension 134 for the dotP embedding
dim_135,float,,Dimension 135 for the dotP embedding
dim_136,float,,Dimension 136 for the dotP embedding
dim_137,float,,Dimension 137 for the dotP embedding
dim_138,float,,Dimension 138 for the dotP embedding
dim_139,float,,Dimension 139 for the dotP embedding
dim_140,float,,Dimension 140 for the dotP embedding
dim_141,float,,Dimension 141 for the dotP embedding
dim_142,float,,Dimension 142 for the dotP embedding
dim_143,float,,Dimension 143 for the dotP embedding
dim_144,float,,Dimension 144 for the dotP embedding
dim_145,float,,Dimension 145 for the dotP embedding
dim_146,float,,Dimension 146 for the dotP embedding
dim_147,float,,Dimension 147 for the dotP embedding
dim_148,float,,Dimension 148 for the dotP embedding
dim_149,float,,Dimension 149 for the dotP embedding
dim_150,float,,Dimension 150 for the dotP embedding
dim_151,float,,Dimension 151 for the dotP embedding
dim_152,float,,Dimension 152 for the dotP embedding
dim_153,float,,Dimension 153 for the dotP embedding
dim_154,float,,Dimension 154 for the dotP embedding
dim_155,float,,Dimension 155 for the dotP embedding
dim_156,float,,Dimension 156 for the dotP embedding
dim_157,float,,Dimension 157 for the dotP embedding
dim_158,float,,Dimension 158 for the dotP embedding
dim_159,float,,Dimension 159 for the dotP embedding
dim_160,float,,Dimension 160 for the dotP embedding
dim_161,float,,Dimension 161 for the dotP embedding
dim_162,float,,Dimension 162 for the dotP embedding
dim_163,float,,Dimension 163 for the dotP embedding
dim_164,float,,Dimension 164 for the dotP embedding
dim_165,float,,Dimension 165 for the dotP embedding
dim_166,float,,Dimension 166 for the dotP embedding
dim_167,float,,Dimension 167 for the dotP embedding
dim_168,float,,Dimension 168 for the dotP embedding
dim_169,float,,Dimension 169 for the dotP embedding
dim_170,float,,Dimension 170 for the dotP embedding
dim_171,float,,Dimension 171 for the dotP embedding
dim_172,float,,Dimension 172 for the dotP embedding
dim_173,float,,Dimension 173 for the dotP embedding
dim_174,float,,Dimension 174 for the dotP embedding
dim_175,float,,Dimension 175 for the dotP embedding
dim_176,float,,Dimension 176 for the dotP embedding
dim_177,float,,Dimension 177 for the dotP embedding
dim_178,float,,Dimension 178 for the dotP embedding
dim_179,float,,Dimension 179 for the dotP embedding
dim_180,float,,Dimension 180 for the dotP embedding
dim_181,float,,Dimension 181 for the dotP embedding
dim_182,float,,Dimension 182 for the dotP embedding
dim_183,float,,Dimension 183 for the dotP embedding
dim_184,float,,Dimension 184 for the dotP embedding
dim_185,float,,Dimension 185 for the dotP embedding
dim_186,float,,Dimension 186 for the dotP embedding
dim_187,float,,Dimension 187 for the dotP embedding
dim_188,float,,Dimension 188 for the dotP embedding
dim_189,float,,Dimension 189 for the dotP embedding
dim_190,float,,Dimension 190 for the dotP embedding
dim_191,float,,Dimension 191 for the dotP embedding
dim_192,float,,Dimension 192 for the dotP embedding
dim_193,float,,Dimension 193 for the dotP embedding
dim_194,float,,Dimension 194 for the dotP embedding
dim_195,float,,Dimension 195 for the dotP embedding
dim_196,float,,Dimension 196 for the dotP embedding
dim_197,float,,Dimension 197 for the dotP embedding
dim_198,float,,Dimension 198 for the dotP embedding
dim_199,float,,Dimension 199 for the dotP embedding
dim_200,float,,Dimension 200 for the dotP embedding
dim_201,float,,Dimension 201 for the dotP embedding
dim_202,float,,Dimension 202 for the dotP embedding
dim_203,float,,Dimension 203 for the dotP embedding
dim_204,float,,Dimension 204 for the dotP embedding
dim_205,float,,Dimension 205 for the dotP embedding
dim_206,float,,Dimension 206 for the dotP embedding
dim_207,float,,Dimension 207 for the dotP embedding
dim_208,float,,Dimension 208 for the dotP embedding
dim_209,float,,Dimension 209 for the dotP embedding
dim_210,float,,Dimension 210 for the dotP embedding
dim_211,float,,Dimension 211 for the dotP embedding
dim_212,float,,Dimension 212 for the dotP embedding
dim_213,float,,Dimension 213 for the dotP embedding
dim_214,float,,Dimension 214 for the dotP embedding
dim_215,float,,Dimension 215 for the dotP embedding
dim_216,float,,Dimension 216 for the dotP embedding
dim_217,float,,Dimension 217 for the dotP embedding
dim_218,float,,Dimension 218 for the dotP embedding
dim_219,float,,Dimension 219 for the dotP embedding
dim_220,float,,Dimension 220 for the dotP embedding
dim_221,float,,Dimension 221 for the dotP embedding
dim_222,float,,Dimension 222 for the dotP embedding
dim_223,float,,Dimension 223 for the dotP embedding
dim_224,float,,Dimension 224 for the dotP embedding
dim_225,float,,Dimension 225 for the dotP embedding
dim_226,float,,Dimension 226 for the dotP embedding
dim_227,float,,Dimension 227 for the dotP embedding
dim_228,float,,Dimension 228 for the dotP embedding
dim_229,float,,Dimension 229 for the dotP embedding
dim_230,float,,Dimension 230 for the dotP embedding
dim_231,float,,Dimension 231 for the dotP embedding
dim_232,float,,Dimension 232 for the dotP embedding
dim_233,float,,Dimension 233 for the dotP embedding
dim_234,float,,Dimension 234 for the dotP embedding
dim_235,float,,Dimension 235 for the dotP embedding
dim_236,float,,Dimension 236 for the dotP embedding
dim_237,float,,Dimension 237 for the dotP embedding
dim_238,float,,Dimension 238 for the dotP embedding
dim_239,float,,Dimension 239 for the dotP embedding
dim_240,float,,Dimension 240 for the dotP embedding
dim_241,float,,Dimension 241 for the dotP embedding
dim_242,float,,Dimension 242 for the dotP embedding
dim_243,float,,Dimension 243 for the dotP embedding
dim_244,float,,Dimension 244 for the dotP embedding
dim_245,float,,Dimension 245 for the dotP embedding
dim_246,float,,Dimension 246 for the dotP embedding
dim_247,float,,Dimension 247 for the dotP embedding
dim_248,float,,Dimension 248 for the dotP embedding
dim_249,float,,Dimension 249 for the dotP embedding
dim_250,float,,Dimension 250 for the dotP embedding
dim_251,float,,Dimension 251 for the dotP embedding
dim_252,float,,Dimension 252 for the dotP embedding
dim_253,float,,Dimension 253 for the dotP embedding
dim_254,float,,Dimension 254 for the dotP embedding
dim_255,float,,Dimension 255 for the dotP embedding
dim_256,float,,Dimension 256 for the dotP embedding
dim_257,float,,Dimension 257 for the dotP embedding
dim_258,float,,Dimension 258 for the dotP embedding
dim_259,float,,Dimension 259 for the dotP embedding
dim_260,float,,Dimension 260 for the dotP embedding
dim_261,float,,Dimension 261 for the dotP embedding
dim_262,float,,Dimension 262 for the dotP embedding
dim_263,float,,Dimension 263 for the dotP embedding
dim_264,float,,Dimension 264 for the dotP embedding
dim_265,float,,Dimension 265 for the dotP embedding
dim_266,float,,Dimension 266 for the dotP embedding
dim_267,float,,Dimension 267 for the dotP embedding
dim_268,float,,Dimension 268 for the dotP embedding
dim_269,float,,Dimension 269 for the dotP embedding
dim_270,float,,Dimension 270 for the dotP embedding
dim_271,float,,Dimension 271 for the dotP embedding
dim_272,float,,Dimension 272 for the dotP embedding
dim_273,float,,Dimension 273 for the dotP embedding
dim_274,float,,Dimension 274 for the dotP embedding
dim_275,float,,Dimension 275 for the dotP embedding
dim_276,float,,Dimension 276 for the dotP embedding
dim_277,float,,Dimension 277 for the dotP embedding
dim_278,float,,Dimension 278 for the dotP embedding
dim_279,float,,Dimension 279 for the dotP embedding
dim_280,float,,Dimension 280 for the dotP embedding
dim_281,float,,Dimension 281 for the dotP embedding
dim_282,float,,Dimension 282 for the dotP embedding
dim_283,float,,Dimension 283 for the dotP embedding
dim_284,float,,Dimension 284 for the dotP embedding
dim_285,float,,Dimension 285 for the dotP embedding
dim_286,float,,Dimension 286 for the dotP embedding
dim_287,float,,Dimension 287 for the dotP embedding
dim_288,float,,Dimension 288 for the dotP embedding
dim_289,float,,Dimension 289 for the dotP embedding
dim_290,float,,Dimension 290 for the dotP embedding
dim_291,float,,Dimension 291 for the dotP embedding
dim_292,float,,Dimension 292 for the dotP embedding
dim_293,float,,Dimension 293 for the dotP embedding
dim_294,float,,Dimension 294 for the dotP embedding
dim_295,float,,Dimension 295 for the dotP embedding
dim_296,float,,Dimension 296 for the dotP embedding
dim_297,float,,Dimension 297 for the dotP embedding
dim_298,float,,Dimension 298 for the dotP embedding
dim_299,float,,Dimension 299 for the dotP embedding
dim_300,float,,Dimension 300 for the dotP embedding
dim_301,float,,Dimension 301 for the dotP embedding
dim_302,float,,Dimension 302 for the dotP embedding
dim_303,float,,Dimension 303 for the dotP embedding
dim_304,float,,Dimension 304 for the dotP embedding
dim_305,float,,Dimension 305 for the dotP embedding
dim_306,float,,Dimension 306 for the dotP embedding
dim_307,float,,Dimension 307 for the dotP embedding
dim_308,float,,Dimension 308 for the dotP embedding
dim_309,float,,Dimension 309 for the dotP embedding
dim_310,float,,Dimension 310 for the dotP embedding
dim_311,float,,Dimension 311 for the dotP embedding
dim_312,float,,Dimension 312 for the dotP embedding
dim_313,float,,Dimension 313 for the dotP embedding
dim_314,float,,Dimension 314 for the dotP embedding
dim_315,float,,Dimension 315 for the dotP embedding
dim_316,float,,Dimension 316 for the dotP embedding
dim_317,float,,Dimension 317 for the dotP embedding
dim_318,float,,Dimension 318 for the dotP embedding
dim_319,float,,Dimension 319 for the dotP embedding
dim_320,float,,Dimension 320 for the dotP embedding
dim_321,float,,Dimension 321 for the dotP embedding
dim_322,float,,Dimension 322 for the dotP embedding
dim_323,float,,Dimension 323 for the dotP embedding
dim_324,float,,Dimension 324 for the dotP embedding
dim_325,float,,Dimension 325 for the dotP embedding
dim_326,float,,Dimension 326 for the dotP embedding
dim_327,float,,Dimension 327 for the dotP embedding
dim_328,float,,Dimension 328 for the dotP embedding
dim_329,float,,Dimension 329 for the dotP embedding
dim_330,float,,Dimension 330 for the dotP embedding
dim_331,float,,Dimension 331 for the dotP embedding
dim_332,float,,Dimension 332 for the dotP embedding
dim_333,float,,Dimension 333 for the dotP embedding
dim_334,float,,Dimension 334 for the dotP embedding
dim_335,float,,Dimension 335 for the dotP embedding
dim_336,float,,Dimension 336 for the dotP embedding
dim_337,float,,Dimension 337 for the dotP embedding
dim_338,float,,Dimension 338 for the dotP embedding
dim_339,float,,Dimension 339 for the dotP embedding
dim_340,float,,Dimension 340 for the dotP embedding
dim_341,float,,Dimension 341 for the dotP embedding
dim_342,float,,Dimension 342 for the dotP embedding
dim_343,float,,Dimension 343 for the dotP embedding
dim_344,float,,Dimension 344 for the dotP embedding
dim_345,float,,Dimension 345 for the dotP embedding
dim_346,float,,Dimension 346 for the dotP embedding
dim_347,float,,Dimension 347 for the dotP embedding
dim_348,float,,Dimension 348 for the dotP embedding
dim_349,float,,Dimension 349 for the dotP embedding
dim_350,float,,Dimension 350 for the dotP embedding
dim_351,float,,Dimension 351 for the dotP embedding
dim_352,float,,Dimension 352 for the dotP embedding
dim_353,float,,Dimension 353 for the dotP embedding
dim_354,float,,Dimension 354 for the dotP embedding
dim_355,float,,Dimension 355 for the dotP embedding
dim_356,float,,Dimension 356 for the dotP embedding
dim_357,float,,Dimension 357 for the dotP embedding
dim_358,float,,Dimension 358 for the dotP embedding
dim_359,float,,Dimension 359 for the dotP embedding
dim_360,float,,Dimension 360 for the dotP embedding
dim_361,float,,Dimension 361 for the dotP embedding
dim_362,float,,Dimension 362 for the dotP embedding
dim_363,float,,Dimension 363 for the dotP embedding
dim_364,float,,Dimension 364 for the dotP embedding
dim_365,float,,Dimension 365 for the dotP embedding
dim_366,float,,Dimension 366 for the dotP embedding
dim_367,float,,Dimension 367 for the dotP embedding
dim_368,float,,Dimension 368 for the dotP embedding
dim_369,float,,Dimension 369 for the dotP embedding
dim_370,float,,Dimension 370 for the dotP embedding
dim_371,float,,Dimension 371 for the dotP embedding
dim_372,float,,Dimension 372 for the dotP embedding
dim_373,float,,Dimension 373 for the dotP embedding
dim_374,float,,Dimension 374 for the dotP embedding
dim_375,float,,Dimension 375 for the dotP embedding
dim_376,float,,Dimension 376 for the dotP embedding
dim_377,float,,Dimension 377 for the dotP embedding
dim_378,float,,Dimension 378 for the dotP embedding
dim_379,float,,Dimension 379 for the dotP embedding
dim_380,float,,Dimension 380 for the dotP embedding
dim_381,float,,Dimension 381 for the dotP embedding
dim_382,float,,Dimension 382 for the dotP embedding
dim_383,float,,Dimension 383 for the dotP embedding
dim_384,float,,Dimension 384 for the dotP embedding
dim_385,float,,Dimension 385 for the dotP embedding
dim_386,float,,Dimension 386 for the dotP embedding
dim_387,float,,Dimension 387 for the dotP embedding
dim_388,float,,Dimension 388 for the dotP embedding
dim_389,float,,Dimension 389 for the dotP embedding
dim_390,float,,Dimension 390 for the dotP embedding
dim_391,float,,Dimension 391 for the dotP embedding
dim_392,float,,Dimension 392 for the dotP embedding
dim_393,float,,Dimension 393 for the dotP embedding
dim_394,float,,Dimension 394 for the dotP embedding
dim_395,float,,Dimension 395 for the dotP embedding
dim_396,float,,Dimension 396 for the dotP embedding
dim_397,float,,Dimension 397 for the dotP embedding
dim_398,float,,Dimension 398 for the dotP embedding
dim_399,float,,Dimension 399 for the dotP embedding
dim_400,float,,Dimension 400 for the dotP embedding
dim_401,float,,Dimension 401 for the dotP embedding
dim_402,float,,Dimension 402 for the dotP embedding
dim_403,float,,Dimension 403 for the dotP embedding
dim_404,float,,Dimension 404 for the dotP embedding
dim_405,float,,Dimension 405 for the dotP embedding
dim_406,float,,Dimension 406 for the dotP embedding
dim_407,float,,Dimension 407 for the dotP embedding
dim_408,float,,Dimension 408 for the dotP embedding
dim_409,float,,Dimension 409 for the dotP embedding
dim_410,float,,Dimension 410 for the dotP embedding
dim_411,float,,Dimension 411 for the dotP embedding
dim_412,float,,Dimension 412 for the dotP embedding
dim_413,float,,Dimension 413 for the dotP embedding
dim_414,float,,Dimension 414 for the dotP embedding
dim_415,float,,Dimension 415 for the dotP embedding
dim_416,float,,Dimension 416 for the dotP embedding
dim_417,float,,Dimension 417 for the dotP embedding
dim_418,float,,Dimension 418 for the dotP embedding
dim_419,float,,Dimension 419 for the dotP embedding
dim_420,float,,Dimension 420 for the dotP embedding
dim_421,float,,Dimension 421 for the dotP embedding
dim_422,float,,Dimension 422 for the dotP embedding
dim_423,float,,Dimension 423 for the dotP embedding
dim_424,float,,Dimension 424 for the dotP embedding
dim_425,float,,Dimension 425 for the dotP embedding
dim_426,float,,Dimension 426 for the dotP embedding
dim_427,float,,Dimension 427 for the dotP embedding
dim_428,float,,Dimension 428 for the dotP embedding
dim_429,float,,Dimension 429 for the dotP embedding
dim_430,float,,Dimension 430 for the dotP embedding
dim_431,float,,Dimension 431 for the dotP embedding
dim_432,float,,Dimension 432 for the dotP embedding
dim_433,float,,Dimension 433 for the dotP embedding
dim_434,float,,Dimension 434 for the dotP embedding
dim_435,float,,Dimension 435 for the dotP embedding
dim_436,float,,Dimension 436 for the dotP embedding
dim_437,float,,Dimension 437 for the dotP embedding
dim_438,float,,Dimension 438 for the dotP embedding
dim_439,float,,Dimension 439 for the dotP embedding
dim_440,float,,Dimension 440 for the dotP embedding
dim_441,float,,Dimension 441 for the dotP embedding
dim_442,float,,Dimension 442 for the dotP embedding
dim_443,float,,Dimension 443 for the dotP embedding
dim_444,float,,Dimension 444 for the dotP embedding
dim_445,float,,Dimension 445 for the dotP embedding
dim_446,float,,Dimension 446 for the dotP embedding
dim_447,float,,Dimension 447 for the dotP embedding
dim_448,float,,Dimension 448 for the dotP embedding
dim_449,float,,Dimension 449 for the dotP embedding
dim_450,float,,Dimension 450 for the dotP embedding
dim_451,float,,Dimension 451 for the dotP embedding
dim_452,float,,Dimension 452 for the dotP embedding
dim_453,float,,Dimension 453 for the dotP embedding
dim_454,float,,Dimension 454 for the dotP embedding
dim_455,float,,Dimension 455 for the dotP embedding
dim_456,float,,Dimension 456 for the dotP embedding
dim_457,float,,Dimension 457 for the dotP embedding
dim_458,float,,Dimension 458 for the dotP embedding
dim_459,float,,Dimension 459 for the dotP embedding
dim_460,float,,Dimension 460 for the dotP embedding
dim_461,float,,Dimension 461 for the dotP embedding
dim_462,float,,Dimension 462 for the dotP embedding
dim_463,float,,Dimension 463 for the dotP embedding
dim_464,float,,Dimension 464 for the dotP embedding
dim_465,float,,Dimension 465 for the dotP embedding
dim_466,float,,Dimension 466 for the dotP embedding
dim_467,float,,Dimension 467 for the dotP embedding
dim_468,float,,Dimension 468 for the dotP embedding
dim_469,float,,Dimension 469 for the dotP embedding
dim_470,float,,Dimension 470 for the dotP embedding
dim_471,float,,Dimension 471 for the dotP embedding
dim_472,float,,Dimension 472 for the dotP embedding
dim_473,float,,Dimension 473 for the dotP embedding
dim_474,float,,Dimension 474 for the dotP embedding
dim_475,float,,Dimension 475 for the dotP embedding
dim_476,float,,Dimension 476 for the dotP embedding
dim_477,float,,Dimension 477 for the dotP embedding
dim_478,float,,Dimension 478 for the dotP embedding
dim_479,float,,Dimension 479 for the dotP embedding
dim_480,float,,Dimension 480 for the dotP embedding
dim_481,float,,Dimension 481 for the dotP embedding
dim_482,float,,Dimension 482 for the dotP embedding
dim_483,float,,Dimension 483 for the dotP embedding
dim_484,float,,Dimension 484 for the dotP embedding
dim_485,float,,Dimension 485 for the dotP embedding
dim_486,float,,Dimension 486 for the dotP embedding
dim_487,float,,Dimension 487 for the dotP embedding
dim_488,float,,Dimension 488 for the dotP embedding
dim_489,float,,Dimension 489 for the dotP embedding
dim_490,float,,Dimension 490 for the dotP embedding
dim_491,float,,Dimension 491 for the dotP embedding
dim_492,float,,Dimension 492 for the dotP embedding
dim_493,float,,Dimension 493 for the dotP embedding
dim_494,float,,Dimension 494 for the dotP embedding
dim_495,float,,Dimension 495 for the dotP embedding
dim_496,float,,Dimension 496 for the dotP embedding
dim_497,float,,Dimension 497 for the dotP embedding
dim_498,float,,Dimension 498 for the dotP embedding
dim_499,float,,Dimension 499 for the dotP embedding
dim_500,float,,Dimension 500 for the dotP embedding
dim_501,float,,Dimension 501 for the dotP embedding
dim_502,float,,Dimension 502 for the dotP embedding
dim_503,float,,Dimension 503 for the dotP embedding
dim_504,float,,Dimension 504 for the dotP embedding
dim_505,float,,Dimension 505 for the dotP embedding
dim_506,float,,Dimension 506 for the dotP embedding
dim_507,float,,Dimension 507 for the dotP embedding
dim_508,float,,Dimension 508 for the dotP embedding
dim_509,float,,Dimension 509 for the dotP embedding
dim_510,float,,Dimension 510 for the dotP embedding
dim_511,float,,Dimension 511 for the dotP embedding